id,pugna_name,entity_name,local_name.en,local_name.ar,local_name.cs,local_name.da,local_name.de,local_name.es,local_name.fr,local_name.hi,local_name.it,local_name.ko,local_name.nl,local_name.pl,local_name.pt,local_name.sv,local_name.tr,local_name.zh,local_name.zh-hant,url.en,url.ar,url.cs,url.da,url.de,url.es,url.fr,url.it,url.ko,url.nl,url.pl,url.pt,url.sv,url.tr,url.zh,url.zh-hant,url.hi
da:461,Chromista,Chromista,Chromista,كروميست,Chromista,Chromist,Chromista,cromista,Chromista,क्रोमिस्ट,Chromista,색조류계,Chroomista,Chromista,Cromista,Chromista,kromist,色藻界,色藻界,https://en.wikipedia.org/wiki/Chromista,https://ar.wikipedia.org/wiki/أسناخ_صبغية,https://cs.wikipedia.org/wiki/Chromista,,,https://es.wikipedia.org/wiki/Chromista,https://fr.wikipedia.org/wiki/Chromista,https://it.wikipedia.org/wiki/Chromista,https://ko.wikipedia.org/wiki/유색조식물,https://nl.wikipedia.org/wiki/Chromista,https://pl.wikipedia.org/wiki/Chromisty,https://pt.wikipedia.org/wiki/Chromista,https://sv.wikipedia.org/wiki/Chromista,https://tr.wikipedia.org/wiki/Kromista,https://zh.wikipedia.org/zh-hans/色藻界,https://zh.wikipedia.org/zh-hant/色藻界,
da:459,Bacteria,Bacteria,Bacteria,بكتيريا,Bakterie,Bakterier,Bakterien,Bacterias,Bactéries,जीवाणु,Batteri,박테리아,Bacteriën,Bakterie,bacterias,Bakterier,Bakteriler,大肠杆菌,大腸桿菌,https://en.wikipedia.org/wiki/Bacteria,https://ar.wikipedia.org/wiki/بكتيريا,https://cs.wikipedia.org/wiki/Bakterie,https://da.wikipedia.org/wiki/Bakterier,https://de.wikipedia.org/wiki/Bakterien,https://es.wikipedia.org/wiki/Bacteria,https://fr.wikipedia.org/wiki/Bactérie,https://it.wikipedia.org/wiki/Bacteria,https://ko.wikipedia.org/wiki/세균,https://nl.wikipedia.org/wiki/Bacteriën,https://pl.wikipedia.org/wiki/Bakterie,https://pt.wikipedia.org/wiki/Bactéria,https://sv.wikipedia.org/wiki/Bakterier,https://tr.wikipedia.org/wiki/Bakteri,https://zh.wikipedia.org/zh-hans/细菌,https://zh.wikipedia.org/zh-hant/细菌,https://hi.wikipedia.org/wiki/जीवाणु
da:692,mites,Acari,mites,القراديات,roztoči,mider,Milben,ácaros,acariens,घुन,acari,진드기,mijten,roztocza,ácaros,kvalster,akarlar,蜱螨亚纲,蜱螨亚纲,https://en.wikipedia.org/wiki/Mite#Parasitism,https://ar.wikipedia.org/wiki/سوسة_(عنكبوتيات),https://cs.wikipedia.org/wiki/Rozto%C4%8Di,https://da.wikipedia.org/wiki/Mider,https://de.wikipedia.org/wiki/Milben,https://es.wikipedia.org/wiki/Acari,https://fr.wikipedia.org/wiki/Acari,https://it.wikipedia.org/wiki/Acarina,https://ko.wikipedia.org/wiki/응애,https://nl.wikipedia.org/wiki/Acari_(mijt),https://pl.wikipedia.org/wiki/Roztocze_(pajęczaki),https://pt.wikipedia.org/wiki/Ácaro,https://sv.wikipedia.org/wiki/Kvalster,https://tr.wikipedia.org/wiki/Akarlar,https://zh.wikipedia.org/zh-hans/螨,https://zh.wikipedia.org/zh-hant/螨,
da:458,Fungi,Fungi,Fungi,الفطريات,Houby,Svampe,Pilze,Setas,Champignons,कवक,Funghi,진균류,Paddenstoelen,Grzyby,Fungos,Svampar,Mantarlar,真菌,真菌,https://en.wikipedia.org/wiki/Fungus,https://ar.wikipedia.org/wiki/فطر,https://cs.wikipedia.org/wiki/Houby,https://da.wikipedia.org/wiki/Svampe,https://de.wikipedia.org/wiki/Pilze,https://es.wikipedia.org/wiki/Fungi,https://fr.wikipedia.org/wiki/Fungi,https://it.wikipedia.org/wiki/Fungi,https://ko.wikipedia.org/wiki/균계,https://nl.wikipedia.org/wiki/Schimmels,https://pl.wikipedia.org/wiki/Grzyby,https://pt.wikipedia.org/wiki/Fungi,https://sv.wikipedia.org/wiki/Svampar,https://tr.wikipedia.org/wiki/Mantarlar,https://zh.wikipedia.org/zh-hans/真菌,https://zh.wikipedia.org/zh-hant/真菌,https://hi.wikipedia.org/wiki/फफूंद
da:460,Viruses,Virus,Viruses,الفيروسات,viry,Vira,Viren,Virus,Virus,विषाणु,Virus,바이러스,Virussen,Wirusy,virus,Virus,Virüsler,病毒,病毒,https://en.wikipedia.org/wiki/Virus,https://ar.wikipedia.org/wiki/فيروس,https://cs.wikipedia.org/wiki/Virus,https://da.wikipedia.org/wiki/Virus,https://de.wikipedia.org/wiki/Viren,https://es.wikipedia.org/wiki/Virus,https://fr.wikipedia.org/wiki/Virus,https://it.wikipedia.org/wiki/Virus_(biologia),https://ko.wikipedia.org/wiki/바이러스,https://nl.wikipedia.org/wiki/Virus_(biologie),https://pl.wikipedia.org/wiki/Wirusy,https://pt.wikipedia.org/wiki/Vírus,https://sv.wikipedia.org/wiki/Virus,https://tr.wikipedia.org/wiki/Virüs,https://zh.wikipedia.org/zh-hans/病毒,https://zh.wikipedia.org/zh-hant/病毒,https://hi.wikipedia.org/wiki/विषाणु
da:1224,springtails,Collembola,springtails,قافزات الذيل,chvostoskoci,springhaler,Springschwänze,colémbolo,collemboles,स्प्रिंगटेल,collemboli,톡토기,Springstaarten,skoczogonki,Colêmbolos,hoppstjärt,yay kuyruk böceği,弹尾目,弹尾目,https://en.wikipedia.org/wiki/Springtail,https://ar.wikipedia.org/wiki/قافزات_الذيل,https://cs.wikipedia.org/wiki/Chvostoskoci,https://da.wikipedia.org/wiki/Springhaler,https://de.wikipedia.org/wiki/Springschw%C3%A4nze,https://es.wikipedia.org/wiki/Collembola,https://fr.wikipedia.org/wiki/Collembola,https://it.wikipedia.org/wiki/Collembola,https://ko.wikipedia.org/wiki/톡토기,https://nl.wikipedia.org/wiki/Springstaarten,https://pl.wikipedia.org/wiki/Skoczogonki,https://pt.wikipedia.org/wiki/Collembola,https://sv.wikipedia.org/wiki/Hoppstjärtar,https://tr.wikipedia.org/wiki/Sıçrar_kuyruklular,https://zh.wikipedia.org/zh-hans/弹尾纲,https://zh.wikipedia.org/zh-hant/弹尾纲,
da:651,Phytophthora,Phytophthora,Phytophthora,اللفحة المتأخرة,Phytophthora,Phytophthora,Phytophthora,Phytophthora,Phytophthora,Phytophthora,Phytophthora,Phytophthora,Phytophthora,Phytophthora,Phytophthora,Phytophthora,Phytophthora,疫黴屬,疫黴屬,https://en.wikipedia.org/wiki/Phytophthora,https://ar.wikipedia.org/wiki/لفحة_(جنس),https://cs.wikipedia.org/wiki/Fytoftorov%C3%A1_ko%C5%99enov%C3%A1_hniloba,https://da.wikipedia.org/wiki/Phytophthora,https://de.wikipedia.org/wiki/Phytophthora,https://es.wikipedia.org/wiki/Phytophthora,https://fr.wikipedia.org/wiki/Phytophthora,https://it.wikipedia.org/wiki/Phytophthora,,https://nl.wikipedia.org/wiki/Phytophthora,https://pl.wikipedia.org/wiki/Phytophthora,https://pt.wikipedia.org/wiki/Phytophthora,,,https://zh.wikipedia.org/zh-hans/疫黴屬,https://zh.wikipedia.org/zh-hant/疫黴屬,
da:1075,Hemiptera,Hemiptera,Hemiptera,نصفيات الأجنحة,Polokřídlí,Næbmunde,Schnabelkerfe,Semialas,Hétéroptères,हेमिप्टेरा,Rincoti,노린재목,Halfvleugeligen,Pluskwiaki,Hemiptera,Halvvvingar,Hemiptera,半翅目,半翅目,https://en.wikipedia.org/wiki/Hemiptera,https://ar.wikipedia.org/wiki/نصفيات_الأجنحة,https://cs.wikipedia.org/wiki/Polok%C5%99%C3%ADdl%C3%AD,https://da.wikipedia.org/wiki/Næbmunde,https://de.wikipedia.org/wiki/Schnabelkerfe,https://es.wikipedia.org/wiki/Hemiptera,https://fr.wikipedia.org/wiki/Hemiptera,https://it.wikipedia.org/wiki/Rhynchota,https://ko.wikipedia.org/wiki/노린재목,https://nl.wikipedia.org/wiki/Halfvleugeligen,https://pl.wikipedia.org/wiki/Pluskwiaki,https://pt.wikipedia.org/wiki/Hemiptera,https://sv.wikipedia.org/wiki/Halvvingar,https://tr.wikipedia.org/wiki/Yarım_kanatlılar,https://zh.wikipedia.org/zh-hans/半翅目,https://zh.wikipedia.org/zh-hant/半翅目,https://hi.wikipedia.org/wiki/हेमिपटेरा
da:564,Alternaria,Alternaria,Alternaria,جنس النوباء المتناوبة,Alternaria,Alternaria,Alternaria,Alternaria,Alternaria,Alternaria,Alternaria,Alternaria,Alternaria,Alternaria,Alternaria,Alternaria,Alternaria,链格孢属,链格孢属,https://en.wikipedia.org/wiki/Alternaria,https://ar.wikipedia.org/wiki/نوباء,https://www.biolib.cz/cz/taxon/id171770/,,https://de.wikipedia.org/wiki/Alternaria,https://es.wikipedia.org/wiki/Alternaria,https://fr.wikipedia.org/wiki/Alternaria,https://it.wikipedia.org/wiki/Alternaria,,https://nl.wikipedia.org/wiki/Alternaria,https://pl.wikipedia.org/wiki/Alternaria,https://pt.wikipedia.org/wiki/Alternaria,https://sv.wikipedia.org/wiki/Alternaria,https://tr.wikipedia.org/wiki/Alternaria,https://zh.wikipedia.org/zh-hans/链格孢属,https://zh.wikipedia.org/zh-hant/链格孢属,https://hi.wikipedia.org/wiki/अल्टरनेरिया
da:910,thrips,Thysanoptera,thrips,ثاقبات النبات,třásněnky,trips,Fransenflügler,flecos,thrips,थ्रिप्स,Terebrantia,총채벌레,tripsen,wciornastki,tripes,blomtripsar,kirpikkanatlı,缨翅目,缨翅目,https://en.wikipedia.org/wiki/Thrips,https://ar.wikipedia.org/wiki/هدبيات_الأجنحة,https://cs.wikipedia.org/wiki/T%C5%99%C3%A1snok%C5%99%C3%ADdl%C3%AD,https://da.wikipedia.org/wiki/Trips,https://de.wikipedia.org/wiki/Fransenfl%C3%BCgler,https://es.wikipedia.org/wiki/Thysanoptera,https://fr.wikipedia.org/wiki/Thysanoptera,https://it.wikipedia.org/wiki/Thysanoptera,https://ko.wikipedia.org/wiki/총채벌레목,https://nl.wikipedia.org/wiki/Tripsen,https://pl.wikipedia.org/wiki/Wciornastki,https://pt.wikipedia.org/wiki/Thysanoptera,https://sv.wikipedia.org/wiki/Tripsar,https://tr.wikipedia.org/wiki/Trips,https://zh.wikipedia.org/zh-hans/薊馬,https://zh.wikipedia.org/zh-hant/薊馬,https://hi.wikipedia.org/wiki/थाइसेनोप्टेरा
da:900,light or heat source damage,light or heat source damage,light or heat source damage,تلف بفعل الضوء أو الحرارة,poškození světlem nebo teplem,lys- eller varmekildeskade,Schäden durch Licht oder Hitze,daños por luz o calor,endommagement par la lumière ou la chaleur,प्रकाश या ताप स्रोत क्षति,danni causati da luce o calore,빛이나 열원 손상,beschadiging door licht of warmte,uszkodzenia przez światło lub ciepło,dano por luz ou calor,skador av ljus eller värme,ışık veya ısı kaynağı hasarı,阳光或高温损伤,阳光或高温损伤,Kindwise,Kindwise,https://cs.wikipedia.org/wiki/Po%C5%A1kozen%C3%AD_rostlin_slune%C4%8Dn%C3%ADm_z%C3%A1%C5%99en%C3%ADm,Kindwise,Kindwise,Kindwise,Kindwise,Kindwise,Kindwise,Kindwise,Kindwise,Kindwise,Kindwise,Kindwise,Kindwise,Kindwise,Kindwise
da:1404,,Flower buds,Flower buds,براعم زهرية,květní pupeny,blomsterknopper,Blütenknospen,yemas florales,bourgeons floraux,फूल की कलियाँ,gemme fiorali,꽃봉오리,bloemknoppen,pąki kwiatowe,botões florais,blomknoppar,çiçek tomurcukları,花蕾,花蕾,Kindwise,Kindwise,Kindwise,Kindwise,Kindwise,Kindwise,Kindwise,Kindwise,Kindwise,Kindwise,Kindwise,Kindwise,Kindwise,Kindwise,Kindwise,Kindwise,Kindwise
da:780,,Phytotoxicity,Phytotoxicity,سمّية نباتية,fytotoxicita,fytotoksicitet,Phytotoxizität,fitotoxicidad,phytotoxicité,वनस्पति‑विषाक्तता,fitotossicità,약해,fytotoxiciteit,fitotoksyczność,fitotoxicidade,fytotoxicitet,fitotoksite,药害,藥害,Kindwise,Kindwise,Kindwise,Kindwise,Kindwise,Kindwise,Kindwise,Kindwise,Kindwise,Kindwise,Kindwise,Kindwise,Kindwise,Kindwise,Kindwise,Kindwise,Kindwise
da:1411,,Winter dormancy,Winter dormancy,سكون شتوي,zimní klid,vinterdvale,Winterruhe,dormancia invernal,dormance hivernale,शीतकालीन सुप्तावस्था,dormienza invernale,겨울 휴면,winterrust,spoczynek zimowy,dormência de inverno,vintervila,kış dinlenmesi,冬季休眠,冬季休眠,Kindwise,Kindwise,Kindwise,Kindwise,Kindwise,Kindwise,Kindwise,Kindwise,Kindwise,Kindwise,Kindwise,Kindwise,Kindwise,Kindwise,Kindwise,Kindwise,Kindwise
da:834,,autumn leaf color,autumn leaf color,تلوّن أوراق الشجر في الخريف,podzimní zbarvení listů,bladenes efterårsfarver,Herbstfärbung der Blätter,coloración otoñal de las hojas,coloration automnale des feuilles,शरद ऋतु में पत्तियों का रंग,colorazione autunnale delle foglie,단풍색,herfstverkleuring van de bladeren,jesienne wybarwienie liści,coloração outonal das folhas,bladens höstfärg,yaprakların sonbahar renklenmesi,秋季叶色,秋季葉色,Kindwise,Kindwise,Kindwise,Kindwise,Kindwise,Kindwise,Kindwise,Kindwise,Kindwise,Kindwise,Kindwise,Kindwise,Kindwise,Kindwise,Kindwise,Kindwise,Kindwise
da:896,,water spray liquid residue,water spray liquid residue,بقايا رذاذ الماء,zbytky vody po postřiku,rester af sprøjtevæske,Sprühnebelrückstände,residuos de pulverización (agua),résidus de pulvérisation (eau),पानी के स्प्रे के अवशेष,residui di nebulizzazione (acqua),살포액 잔류물,spuitnevelresten,pozostałości po oprysku (wodzie),resíduos da calda de pulverização,rester av sprayvatten,püskürtme sonrası su kalıntıları,喷雾液残留,噴霧液殘留,Kindwise,Kindwise,Kindwise,Kindwise,Kindwise,Kindwise,Kindwise,Kindwise,Kindwise,Kindwise,Kindwise,Kindwise,Kindwise,Kindwise,Kindwise,Kindwise,Kindwise
da:1236,,Emerging leaf,Emerging leaf,ورقة فتية,rašící list,nyfremkommet blad,junger Blattaustrieb,hoja emergente,jeune feuille émergente,उभरती पत्ती,foglia emergente,신엽,nieuw uitlopend blad,rozwijający się liść,folha emergente,nyutvecklat blad,yeni çıkan yaprak,新生叶,新生葉,Kindwise,Kindwise,Kindwise,Kindwise,Kindwise,Kindwise,Kindwise,Kindwise,Kindwise,Kindwise,Kindwise,Kindwise,Kindwise,Kindwise,Kindwise,Kindwise,Kindwise
da:1237,,Moss cover,Moss cover,غطاء طحلبي,mechový pokryv,mosdække,Moosbewuchs,cobertura de musgo,couverture de mousse,काई का आवरण,copertura di muschio,이끼 피복,mosbedekking,porośnięcie mchem,cobertura de musgo,mossbeläggning,yosun örtüsü,苔藓覆盖,苔蘚覆蓋,Kindwise,Kindwise,Kindwise,Kindwise,Kindwise,Kindwise,Kindwise,Kindwise,Kindwise,Kindwise,Kindwise,Kindwise,Kindwise,Kindwise,Kindwise,Kindwise,Kindwise
da:1119,,high level of soluble salts,high level of soluble salts,مستوى مرتفع من الأملاح الذائبة,vysoká hladina rozpustných solí,højt indhold af opløselige salte,hoher Gehalt an löslichen Salzen,alto nivel de sales solubles,niveau élevé de sels solubles,घुलनशील लवणों का उच्च स्तर,alto livello di sali solubili,용해성 염류 수준이 높음,hoog gehalte aan oplosbare zouten,wysoki poziom soli rozpuszczalnych,alto teor de sais solúveis,hög halt av lösliga salter,çözünür tuzların yüksek düzeyi,可溶性盐含量高,可溶性鹽含量高,Kindwise,Kindwise,Kindwise,Kindwise,Kindwise,Kindwise,Kindwise,Kindwise,Kindwise,Kindwise,Kindwise,Kindwise,Kindwise,Kindwise,Kindwise,Kindwise,Kindwise
da:938,,inappropriate leaf rosette watering,inappropriate leaf rosette watering,ريّ غير مناسب داخل وردية الأوراق,nevhodné zalévání do listové růžice,uhensigtsmæssig vanding i bladrosetten,ungeeignetes Gießen in die Blattrosette,riego inadecuado en la roseta de hojas,arrosage inapproprié dans la rosette foliaire,पत्तियों की रोसेट में अनुचित सिंचाई,irrigazione inappropriata nella rosetta fogliare,잎 로제트에 부적절한 관수,ongeschikt water geven in de bladrozet,niewłaściwe podlewanie w rozetę liściową,rega inadequada no centro da roseta foliar,olämplig vattning i bladrosetten,yaprak rozeti içine uygunsuz sulama,不当向叶丛中心浇水,不當向葉叢中心澆水,Kindwise,Kindwise,Kindwise,Kindwise,Kindwise,Kindwise,Kindwise,Kindwise,Kindwise,Kindwise,Kindwise,Kindwise,Kindwise,Kindwise,Kindwise,Kindwise,Kindwise
da:939,,pesticide damage,pesticide damage,أضرار مبيدات الآفات,poškození pesticidy,pesticidskader,Pestizidschäden,daños por pesticidas,dommages dus aux pesticides,कीटनाशक से क्षति,danni da pesticidi,농약 피해,pesticideschade,uszkodzenia po pestycydach,danos por pesticidas,skador av bekämpningsmedel,pestisit zararı,农药损伤,農藥損傷,Kindwise,Kindwise,Kindwise,Kindwise,Kindwise,Kindwise,Kindwise,Kindwise,Kindwise,Kindwise,Kindwise,Kindwise,Kindwise,Kindwise,Kindwise,Kindwise,Kindwise
da:1008,,root damage,root damage,أضرار الجذور,poškození kořenů,rodskader,Wurzelschäden,daños en las raíces,dégâts racinaires,जड़ को क्षति,danni alle radici,뿌리 손상,wortelschade,uszkodzenia korzeni,danos nas raízes,rotskador,kök zararı,根系损伤,根系損傷,Kindwise,Kindwise,Kindwise,Kindwise,Kindwise,Kindwise,Kindwise,Kindwise,Kindwise,Kindwise,Kindwise,Kindwise,Kindwise,Kindwise,Kindwise,Kindwise,Kindwise
da:835,,sunburn,sunburn,حروق الشمس,spálení sluncem,solskoldning,Sonnenbrand,quemadura solar,coup de soleil,धूप से झुलसना,scottatura solare,일소,zonnebrand,oparzenia słoneczne,queimadura solar,solbränna,güneş yanığı,日灼,日灼,Kindwise,Kindwise,Kindwise,Kindwise,Kindwise,Kindwise,Kindwise,Kindwise,Kindwise,Kindwise,Kindwise,Kindwise,Kindwise,Kindwise,Kindwise,Kindwise,Kindwise
da:1078,,sunscald,sunscald,لفحة الشمس,sluneční úžeh,solsvidning,Sonnennekrose,escaldado solar,brûlure solaire,धूप से झुलसा,colpo di sole,일소피해,zonnebrandplekken,oparzelizna słoneczna,escaldadura solar,solskador,güneş yanıklığı,日灼伤,日灼傷,Kindwise,Kindwise,Kindwise,Kindwise,Kindwise,Kindwise,Kindwise,Kindwise,Kindwise,Kindwise,Kindwise,Kindwise,Kindwise,Kindwise,Kindwise,Kindwise,Kindwise
da:958,,watering on the leaves,watering on the leaves,سقي على الأوراق,zalévání na listy,vanding på bladene,Gießen auf die Blätter,riego sobre las hojas,arrosage sur les feuilles,पत्तियों पर पानी देना,irrigazione sulle foglie,잎 위로 물주기,water geven over de bladeren,polewanie liści,rega sobre as folhas,vattning på bladen,yapraklara su vermek,叶面浇水,葉面澆水,Kindwise,Kindwise,Kindwise,Kindwise,Kindwise,Kindwise,Kindwise,Kindwise,Kindwise,Kindwise,Kindwise,Kindwise,Kindwise,Kindwise,Kindwise,Kindwise,Kindwise
da:801,nutrient deficiency,nutrient deficiency,nutrient deficiency,نقص المغذيات,nedostatek živin,mangel på næringsstoffer,Nährstoffmangel,deficiencia de nutrientes,manque de nutriments,पोषक तत्व की कमी,carenza di sostanze nutritive,영양결핍,gebrek aan voedingsstoffen,niedobór składników odżywczych,insuficiencia de nutrientes,brist på näringsämnen.,besin eksikliği,营养缺乏,营养缺乏,https://www.missouribotanicalgarden.org/gardens-gardening/your-garden/help-for-the-home-gardener/advice-tips-resources/pests-and-problems/environmental/nutrients.aspx,Kindwise,Kindwise,Kindwise,Kindwise,Kindwise,Kindwise,Kindwise,Kindwise,Kindwise,Kindwise,Kindwise,Kindwise,Kindwise,Kindwise,Kindwise,Kindwise
da:922,dead plant,dead plant,dead plant,نبات ميت,mrtvá rostlina,død plante,abgestorbene Pflanze,planta muerta,plante morte,मृत पौधा,pianta morta,죽은 식물,dode plant,martwa roślina,Planta morta,döda växter,ölü bitki,绿植死亡的植物,绿植死亡的植物,Kindwise,Kindwise,Kindwise,Kindwise,Kindwise,Kindwise,Kindwise,Kindwise,Kindwise,Kindwise,Kindwise,Kindwise,Kindwise,Kindwise,Kindwise,Kindwise,Kindwise
da:921,dry air,dry air,dry air,الهواء الجاف,suchý vzduch,tør luft,trockene Luft,aire seco,air sec,शुष्क हवा,aria secca,건조한 공기,droge lucht,suche powietrze,ar seco,torr luft,kuru hava,干燥的空气,干燥的空气,Kindwise,Kindwise,Kindwise,Kindwise,Kindwise,Kindwise,Kindwise,Kindwise,Kindwise,Kindwise,Kindwise,Kindwise,Kindwise,Kindwise,Kindwise,Kindwise,Kindwise
da:838,feeding damage by insects,feeding damage by insects,feeding damage by insects,تلف ناجم عن الحشرات الآكلة,poškození způsobené žravým hmyzem,insekters ædeskader,durch Insektenfraß verursachte Schäden,daños causados por la alimentación de los insectos,endommagement provoqué par les insectes voraces,कीड़ों द्वारा भोजन करने से क्षति,danni causati da insetti divoratori,곤충에 의한 먹이 피해,beschadiging veroorzaakt door vretende insecten,szkody spowodowane przez owady gryzące,danos causados ​​por insetos predadores,skador orsakade av rovinsekter,böceklerin neden olduğu beslenme hasarı,贪婪昆虫造成的伤害,贪婪昆虫造成的伤害,Kindwise,Kindwise,Kindwise,Kindwise,Kindwise,Kindwise,Kindwise,Kindwise,Kindwise,Kindwise,Kindwise,Kindwise,Kindwise,Kindwise,Kindwise,Kindwise,Kindwise
da:984,finished flowering period,finished flowering period,finished flowering period,نهاية فترة الإزهار,konec doby květu,afsluttet blomstringsperiode,Ende der Blütezeit,fin de la floración,fin du temps de floraison,फूल आने की अवधि समाप्त,fine del periodo del fiore,개화기 종료,het einde van de bloeiperiode,koniec okresu kwitnienia,fim do período de floração,slutet av blomningstiden.,çiçeklenme dönemi sona ermiş,花期结束,花期结束,Kindwise,Kindwise,Kindwise,Kindwise,Kindwise,Kindwise,Kindwise,Kindwise,Kindwise,Kindwise,Kindwise,Kindwise,Kindwise,Kindwise,Kindwise,Kindwise,Kindwise
da:909,lack of light,lack of light,lack of light,قلة الضوء,nedostatek světla,mangel på lys,Lichtmangel,falta de luz,manque de lumière,प्रकाश की कमी,carenza di luce,빛의 부족,gebrek aan licht,niedobór światła,insuficiencia de luz,brist på ljus,ışık eksikliği,缺光,缺光,Kindwise,Kindwise,Kindwise,Kindwise,Kindwise,Kindwise,Kindwise,Kindwise,Kindwise,Kindwise,Kindwise,Kindwise,Kindwise,Kindwise,Kindwise,Kindwise,Kindwise
da:964,light excess,light excess,light excess,فائض الضوء,přebytek světla,lysoverskud,übermäßiges Licht,exceso de luz,excédent de lumière,प्रकाश की अधिकता,eccesso di luce,가벼운 과잉,overtollig licht,nadmiar światła,excesso de luz,överskott av ljus,fazla ışık,多余的阳光,多余的阳光,Kindwise,Kindwise,Kindwise,Kindwise,Kindwise,Kindwise,Kindwise,Kindwise,Kindwise,Kindwise,Kindwise,Kindwise,Kindwise,Kindwise,Kindwise,Kindwise,Kindwise
da:923,nutrient excess,nutrient excess,nutrient excess,فائض المغذيات,přebytek živin,næringsstofoverskud,Nährstoffüberschüss,exceso de nutrientes,excédent de nutriments,पोषक तत्वों की अधिकता,eccesso di sostanze nutritive,영양 과잉,overvloed van voedingsstoffen,nadmiar składników odżywczych,excessso de nutrientes,överskott av näringsämnen.,fazla besin maddesi,营养过剩,营养过剩,Kindwise,Kindwise,Kindwise,Kindwise,Kindwise,Kindwise,Kindwise,Kindwise,Kindwise,Kindwise,Kindwise,Kindwise,Kindwise,Kindwise,Kindwise,Kindwise,Kindwise
da:1118,sap-sucking pests,sap-sucking pests,sap-sucking pests,الحشرات الماصة,savý hmyz,saftsugende skadedyr,Saugende Insekten,Insectos chupadores,Insectes suceurs,पौधों का रस चूसने वाले कीट,Insetti succhiatori,수액을 빨아먹는 해충,Zuigende insecten,Owady ssące,insetos sugadores,Sugande insekter,bitki özü emen zararlı böcekler,吸虫纲,吸虫纲,Kindwise,Kindwise,Kindwise,Kindwise,Kindwise,Kindwise,Kindwise,Kindwise,Kindwise,Kindwise,Kindwise,Kindwise,Kindwise,Kindwise,Kindwise,Kindwise,Kindwise
da:829,Phytoplasma,Phytoplasma,Phytoplasma,الفيتوبلازما,fytoplazma,Fytoplasma,Phytoplasma,fitoplasma,phytoplasmes,फाइटोप्लाज्मा,fitoplasma,파이토플라즈마,fytoplasma,fitoplazma,fitoplasma,fytoplasma,Fitoplazma,植原体,植原体,https://en.wikipedia.org/wiki/Phytoplasma,,https://cs.wikipedia.org/wiki/Fytoplazma,,https://de.wikipedia.org/wiki/Phytoplasma,https://es.wikipedia.org/wiki/Phytoplasma,https://fr.wikipedia.org/wiki/Phytoplasme,https://it.wikipedia.org/wiki/Fitoplasma,https://ko.wikipedia.org/wiki/피토플라스마,https://nl.wikipedia.org/wiki/Fytoplasma,https://pl.wikipedia.org/wiki/Fitoplazmy,https://pt.wikipedia.org/wiki/Phytoplasma,,,https://zh.wikipedia.org/zh-hans/植原体属,https://zh.wikipedia.org/zh-hant/植原体属,
da:928,leaf miners,leaf miners,leaf miners,حفارات الأوراق,minující hmyz,minérfluer,minierende Insekten,insectos que pasan,insectes mineurs,पत्ती सुरंगक,insetti minatori,잎 광부,minerende insecten,owady minujące,insectos perforadores,minerande insekter,yaprak kurdu,潜叶虫,潜叶虫,https://en.wikipedia.org/wiki/Leaf_miner,Kindwise,https://cs.wikipedia.org/wiki/Minov%C3%A1n%C3%AD,Kindwise,https://de.wikipedia.org/wiki/Minierer,https://es.wikipedia.org/wiki/Minador_(biología),https://fr.wikipedia.org/wiki/Mineuse,Kindwise,https://ko.wikipedia.org/wiki/잠엽충,https://nl.wikipedia.org/wiki/Bladmineerder,https://pl.wikipedia.org/wiki/Owady_minujące,https://pt.wikipedia.org/wiki/Minador,https://sv.wikipedia.org/wiki/Minerare,Kindwise,https://zh.wikipedia.org/zh-hans/潛葉蟲,https://zh.wikipedia.org/zh-hant/潛葉蟲,Kindwise
da:793,mechanical damage,mechanical damage,mechanical damage,التلف الميكانيكي,mechanické poškození,mekanisk skade,Mechanische Schädigungen,daños mecánicos,endommagement mécanique,यांत्रिक क्षति,danni meccanici,기계적 손상,mechanische beschadiging,uszkodzenie mechaniczne,dano mecânico,mekaniska skador,mekanik hasar,机械损伤,机械损伤,https://www.missouribotanicalgarden.org/gardens-gardening/your-garden/help-for-the-home-gardener/advice-tips-resources/pests-and-problems/environmental/mechanical.aspx,Kindwise,https://cs.wikipedia.org/wiki/Po%C5%A1kozen%C3%AD_rostlin,Kindwise,Kindwise,Kindwise,Kindwise,Kindwise,Kindwise,Kindwise,Kindwise,Kindwise,Kindwise,Kindwise,Kindwise,Kindwise,Kindwise
da:944,low temperatures and frost damage,low temperatures and frost damage,low temperatures and frost damage,درجات حرارة منخفضة وأضرار الصقيع,poškození způsobené nízkými teplotami a mrazem,lave temperaturer og frostskader,"Schäden, die durch niedrige Temperaturen und Frost verursacht werden",bajas temperaturas y daños por heladas,les basses températures et les dommages causés par le gel,कम तापमान और ठंढ क्षति,basse temperature e danni da gelo,저온 및 서리 손상,lage temperaturen en vorstschade,niskie temperatury i uszkodzenia spowodowane mrozem,baixas temperaturas e danos causados pelo gelo,låga temperaturer och frostskador,düşük sıcaklıklar ve don hasarı,低温和冻害,低溫和凍害,https://www.gardeningknowhow.com/plant-problems/environmental/tips-for-saving-cold-damaged-plants.htm,Kindwise,https://cs.wikipedia.org/wiki/Po%C5%A1kozen%C3%AD_rostlin_chladem,Kindwise,https://www.sperli.de/dumm-gelaufen/kaelteschaeden-an-pflanzen/,Kindwise,Kindwise,Kindwise,Kindwise,Kindwise,Kindwise,Kindwise,Kindwise,Kindwise,Kindwise,Kindwise,Kindwise
da:907,water deficiency,water deficiency,water deficiency,سقي غير كاف,nedostatatečná zálivka,vandmangel,unzureichende Bewässerung,riego insuficiente,arrosage insuffisant,पानी की कमी,irrigazione insufficiente,수분 결핍,onvoldoend begieten,niewystarczające podlewanie,rega insuficiente,otillräcklig bevattning,su eksikliği,浇水不足,浇水不足,https://www.missouribotanicalgarden.org/gardens-gardening/your-garden/help-for-the-home-gardener/advice-tips-resources/pests-and-problems/environmental/drought.aspx,Kindwise,https://cs.wikipedia.org/wiki/Po%C5%A1kozen%C3%AD_rostlin_suchem,Kindwise,https://www.jardineriaon.com/de/Symptome-von-Mangel-oder-%C3%9Cberma%C3%9F-an-Bew%C3%A4sserung.html#Falta_de_agua_en_las_plantas,Kindwise,Kindwise,Kindwise,Kindwise,Kindwise,Kindwise,Kindwise,Kindwise,Kindwise,Kindwise,Kindwise,Kindwise
da:1082,senescence,Senescence,senescence,الشيخوخة,senescence,Aldring,Seneszenz,senescencia,sénescence,वार्धक्य,senescenza,노화,senescentie,starzenie się,senescência/ velhice/ envelhicimento,Astragalus membranaceus,yaşlanma,衰老,衰老,https://en.wikipedia.org/wiki/Plant_senescence,Kindwise,https://en.wikipedia.org/wiki/Plant_senescence,Kindwise,https://de.wikipedia.org/wiki/Seneszenz_bei_Pflanzen,https://es.wikipedia.org/wiki/Senescencia_vegetal,Kindwise,Kindwise,Kindwise,Kindwise,https://pl.wikipedia.org/wiki/Starzenie_się_roślin,Kindwise,Kindwise,Kindwise,https://zh.wikipedia.org/zh-hans/植物老化,https://zh.wikipedia.org/zh-hant/植物老化,Kindwise
da:899,water excess or uneven watering,water excess or uneven watering,water excess or uneven watering,الماء الزائد أو الري غير المتكافئ,přebytek vody nebo nerovnoměrná zálivka,overskydende vand eller ujævn vanding,übermäßige oder ungleichmäßige Bewässerung,exceso de agua o riego desigual,excédent d’eau ou arrosage non uniforme,पानी की अधिकता या असमान पानी,eccesso di acqua o irrigazione non omogenea,물이 너무 많거나 고르지 않은 물 공급,overtollig water of ongelijkmatig water geven,nadmiar wody albo nierównomierne podlewanie,excesso de água ou rega irregular,överflödigt vatten eller ojämn bevattning,fazla su veya eşit olmayan sulama,浇水过多或不平衡,浇水过多或不平衡,https://www.missouribotanicalgarden.org/gardens-gardening/your-garden/help-for-the-home-gardener/advice-tips-resources/pests-and-problems/environmental/overwatering.aspx,Kindwise,https://www.nkz.cz/praxe/okrasna-zahrada/jak-spravne-zalevat-pokojove-rostliny-jak-je-pri-preliti-zachranit,Kindwise,https://www.jardineriaon.com/de/Symptome-%C3%BCberm%C3%A4%C3%9Fige-Bew%C3%A4sserung.html,Kindwise,Kindwise,Kindwise,Kindwise,Kindwise,Kindwise,Kindwise,Kindwise,Kindwise,Kindwise,Kindwise,Kindwise
da:997,herbicide damage,herbicide damage,herbicide damage,الضرر بمبيدات الأعشاب,poškození herbicidy,herbicidskade,Herbizidschäden,daños causados por herbicidas,endommagement par herbicides,खरपतवार नाशक से क्षति,danni causati da erbicidi,제초제 피해,beschadiging door herbiciden,uszkodzenie herbicydami,danos por herbicidas,skador orsakade av herbicider,herbisit hasarı,除草剂损害,除草剂损害,https://www.missouribotanicalgarden.org/gardens-gardening/your-garden/help-for-the-home-gardener/advice-tips-resources/pests-and-problems/environmental/herbicide.aspx,Kindwise,Kindwise,Kindwise,Kindwise,Kindwise,Kindwise,Kindwise,Kindwise,Kindwise,Kindwise,Kindwise,Kindwise,Kindwise,Kindwise,Kindwise,Kindwise